[{"@type":"mappingTemplate","id":"@1","name":"Mapping_RESTV2","description":"Adding a description","bundleVersion":"0","templateId":"@3","deployTime":1715094072000,"hasParameters":false,"valid":true,"fixedConnection":true,"hasParametersDeployed":false,"fixedConnectionDeployed":true,"isSchemaValidationEnabled":false,"tasks":0,"mappingPreviewFileRecordId":"@2","documentType":"MAPPING","references":[{"@type":"reference","refObjectId":"@9rfQbtHRubLbwtVwdgy9AX","refType":"connection"},{"@type":"reference","refObjectId":"@1hqaF8e0jL6jmjGroHjEcn","refType":"connection"}]}]